Name,Category,Key Features,Advantages,Disadvantages,Common Usage/Context,Source
Cover Zero,Coverage,No deep safeties; every defender is either in man-to-man coverage or blitzing.,Devastating pressure on QB; forces split-second decisions; great for sacks on critical 3rd and long.,No deep help; a single missed assignment leads to a touchdown; vulnerable to quick slants/fades.,Critical 3rd and long; Ravens (with Kyle Hamilton) known for this.,1
Cover One,Coverage,One safety patrols deep middle; all other defenders in tight man-to-man coverage (Man-Free).,Shuts down quick short passes; tight coverage makes throwing windows tiny.,Only one safety to prevent a TD if a defender is beaten; fast receivers are a mismatch.,2nd and 3rd downs; Jets' Sauce Gardner thrives here; matchup exploits (speedy slot vs slow LB).,1
Cover One Robber,Coverage,Similar to Cover 1 but a safety/LB lurks 5-10 yards off the line to jump middle routes.,Baits QBs into throwing slants and crossing routes for easy interceptions.,Fewer deep defenders; long passes have more space behind the coverage.,Against quick passing games on 2nd and short; Saints' Justin Reid.,1
Cover Two Zone,Coverage,Two safeties split the deep field (15 yards deep); five defenders in underneath zones.,Swarm to short passes; safeties prevent deep sideline throws (Bend but don't break).,Vulnerable in the deep middle (the seam) and against the run.,2nd downs or pass-heavy offenses; staple of Peyton Manning era Colts.,1
Cover Two Man,Coverage,Two safeties deep; all other defenders play tight man-to-man.,Combines tight man coverage with deep safety help; hard for receivers to gain separation.,Shifty receivers can still beat man; vulnerable to seam/middle routes and mobile QBs.,3rd downs when pass is highly likely; Buccaneers (Jamal Dean).,1
Cover Two Buzz,Coverage,"Shows Cover 3 pre-snap; safety buzzes to flat, corner drops deep; inverts responsibilities.",Defends quick screens well; deceptive; traps QBs reading pre-snap.,Requires fast post-snap adjustment by defenders; can be exploited if QB confirms coverage.,Rams use against teams relying on perimeter plays.,1
Tampa 2,Coverage,Cover 2 variation where the middle linebacker drops deep to cover the middle seam.,Closes the deep middle vulnerability of standard Cover 2; stops TEs attacking the seam.,Vulnerable to quick underneath passes and runs in the area vacated by the LB.,Against TEs like Chiefs' Kelce; 2002 Buccaneers (Derek Brooks).,1
Cover Three,Coverage,"Three defenders (1 safety, 2 corners) each take a deep third; four underneath zones.",Difficult to pass over the top; keeps defenders near line to stop run.,Vulnerable in the intermediate middle and the flats (Sky coverage).,Early downs; Seahawks' Devon Witherspoon.,1
Cover Three Cloud,Coverage,One corner stays shallow (flats/jamming) while a safety rotates to cover their deep third.,Disrupts timing on one side; better run support on the edge; beats big receivers.,Dangerous if safety is slow to rotate; vulnerable to deep posts/go routes from slot.,Against big receivers like Bengals; Eagles (Darius Slay).,1
Cover Three Buzz,Coverage,Shows 2-high safeties (Cover 2 look); post-snap one safety charges down to underneath zone.,Disguised; catches offenses prepared for Cover 2; creates tight underneath windows.,Brief window to attack before safety settles; vulnerable to play action.,Early downs against Cover 2 beaters; Steelers' Minkah Fitzpatrick.,1
Cover Four (Quarters),Coverage,Four defensive backs each cover a deep quarter; three underneath defenders.,Nearly impossible to complete deep passes; eliminates the big play.,Plenty of space for underneath passes and runs.,Late game/long yardage; 49ers use against gunslingers like Aaron Rodgers.,1
Cover Six,Coverage,"Combo coverage: Cover 2 on one side, Cover 4 on the other.",Confuses QB by presenting different looks; handles unbalanced formations.,Complex; prone to communication breakdowns.,Pass-heavy offenses; Patriots used vs Josh Allen.,1
6-2 Formation,Formation,"6 linemen, 2 linebackers, 3 defensive backs.","Extreme run defense; plugs every gap (A, B, C gaps).",Pass coverage nightmare; 3 DBs vs 4-5 receivers; corners are isolated on islands.,"Goal line; 3rd/4th and 1; Rams (Aaron Donald era), Chargers.",2
5-3 Formation,Formation,"5 linemen, 3 linebackers, 3 defensive backs.",Solid run defense with slightly better pass coverage than 6-2; MLB covers TEs.,Mismatch if offense has 4-5 receivers; LBs forced to cover fast receivers.,"Goal line packages; Eagles (Nakobe Dean), Steelers (Patrick Queen).",2
5-2 Eagle,Formation,"5 linemen, 2 linebackers, 4 defensive backs.",Better pass coverage than 5-3 while still expecting a run.,"Linemen focused on run, not pass rush; QB gets more time to throw.",Popularized by 1950s Eagles.,2
4-4 Formation,Formation,"4 linemen, 4 linebackers, 3 defensive backs (8-man front).",Stops sweeps and mobile QBs; effective against RPO; controls every gap.,Only 3 DBs to cover 4-5 receivers spread across field.,Titans vs Lamar Jackson; SEC college teams (Alabama/Georgia).,2
3-4 Formation,Formation,"3 linemen, 4 linebackers (Nose tackle occupies center).",Psychological warfare; LBs can rush or drop; multiplicity of angles.,"Requires dominant nose tackle and versatile, athletic LBs.","Steelers (TJ Watt), Patriots (Belichick), Packers.",2
4-3 Formation,Formation,"4 linemen, 3 linebackers, 4 defensive backs (Base Defense).",Consistent pass rush from 4 linemen; balanced run/pass defense.,Weak against 11 personnel (3 WRs); LB must cover slot receiver.,"49ers (Nick Bosa), Panthers.",2
46 Bear,Formation,"5 DL, 3 LBs, 1 Safety, 2 Corners; 3 linemen over center/guards.",Immediate pressure up the middle; 8 guys crowding the line; stops slow-developing plays.,Vulnerable to modern quick passing (bubble screens); only 3 deep defenders.,1985 Bears; Rex Ryan (Ravens/Jets).,2
Nickel Formation,Formation,"4 linemen, 2 linebackers, 5 defensive backs (Nickel Corner).",Specialized to cover slot receivers; better match for 11 personnel.,Lighter front; easier for running backs to break into secondary; nickel corners are smaller tacklers.,"Used on 65% of NFL plays; Cowboys (Trevon Diggs), Bills base defense.",2
Dime Formation,Formation,"4 linemen, 1 linebacker, 6 defensive backs (Usually 2 extra safeties).",Ultimate pass protection; blankets every receiver; safe for 3rd and long/2-minute drill.,Weak against the run due to fewer defenders near the line.,"Chiefs (Chris Jones pressure), Bengals, Bills (playoffs).",2
T Formation,Formation,QB under center; 3 running backs behind him in a T-shape.,"QB has 4 immediate options (hand-off, pitch, keep); put one player in charge of decisions.",Ancient/Predictable by modern standards; limited receiver options.,1940 Chicago Bears; grandfather of modern under-center formations.,3
I Formation,Formation,"QB, Fullback, and Tailback lined up in a straight line.",Physical football; Fullback acts as a 'human battering ram' for the Tailback.,Requires successful running game to be effective; predictable for defenses.,"90s Cowboys (Emmitt Smith), Steelers dynasty.",3
Single Back (Ace),Formation,"One running back, 5 yards behind QB; often includes a slot receiver.",Perfect balance of run/pass; slot receiver creates mismatches against LBs.,Lighter box for pass protection if extra receivers go out.,Bill Walsh's 49ers; used on 40-60% of modern plays.,3
Pro Set,Formation,Two tailbacks side-by-side behind the QB.,"Incredible deception; either back can dive, sweep, or catch.",Ineffective against modern 6-7 DB sets; limited to 2 receivers usually.,Washington (Joe Gibbs); now mostly short-yardage only.,3
Shotgun,Formation,QB stands 5-7 yards behind center.,QB starts in throwing position; better vision of the field; more time to throw.,Historically harder to run; RB starts too far back to build momentum.,70s Cowboys; 2007 Patriots; modern Cardinals/Eagles (80%+).,3
Pistol,Formation,QB 3-4 yards behind center; RB directly behind QB.,Combines Shotgun vision with I-Formation downhill running; better for Zone Read.,Requires a mobile QB to be most effective.,"Ravens (Lamar Jackson), Chiefs (2008), 49ers (Kaepernick).",3
Spread,Formation,"4 wide receivers, 1 running back.",Forces defense to cover width of field; creates light boxes for runs.,Weak pass protection with no tight ends to help block.,College teams (Texas Tech); NFL 3rd and long.,3
Wildcat,Formation,Snap goes directly to a running back; no QB.,Eliminates the middleman; 10 blockers for one runner (extra blocker vs QB doing nothing).,Predictable; most RBs cannot throw accurately; defenses stack the box.,2008 Miami Dolphins (Ronnie Brown).,3
Empty Backfield,Formation,No RBs; 5 receivers running routes; QB alone.,Ultimate passing formation; stresses defense to cover everyone; 5 potential completions.,No RB to help block; QB must get ball out quickly (3-step routes).,3rd and long; Clutch situations (Tom Brady/Patriots).,3
Jumbo (Goal Line),Formation,"Heaviest formation; 3 TEs, 2 RBs, 0 WRs; often includes OL as TEs.",Pure brute force; outnumbers defenders at the line for short gains.,Minimal passing threat; defense can put 10 in the box.,1 yard needed; 1985 Bears (William Perry).,3
Mesh Concept,Passing Concept,Two shallow crossing routes crossing in the middle (mesh point).,Effective against man coverage; creates natural picks; easy outlet to flat.,Vulnerable to zone drops or man-switch techniques.,3rd and medium/short; Chiefs (Travis Kelce).,4
Levels Concept,Passing Concept,"Three receivers at different depths (short, intermediate, deep) on one side.",Dissects zone defenses (Cover 2/3); creates clear high-to-low reads for QB.,Neutralized by pattern matching or cloud coverage.,Kyle Shanahan offenses; maximizing yards after catch.,4
Flood Concept,Passing Concept,"Three routes at different depths on one side (Corner, Out, Flat).",Stresses Cover 3/4 by placing 3 receivers against 2 zone defenders.,Weak against Cover 2 (safety covers corner); vulnerable to backside pressure.,Rams (McVey); pairs with outside zone/bootlegs.,4
Smash Concept,Passing Concept,Short hitch/curl route paired with a deep corner route over the top.,Directly attacks the void in Cover 2 between corner and safety.,Countered by Tampa 2 (LB help) or disguised coverages.,Packers (Aaron Rodgers).,4
Y-Cross,Passing Concept,TE/Slot runs deep crossing route (15-18 yards) with vertical clear-out routes.,Exploits middle of the field against zones; creates explosive plays off play action.,Limited by deep safety help or 'robber' defenders.,Chiefs (Travis Kelce).,4
Four Verticals,Passing Concept,All four receivers run deep vertical routes.,Stretches defense vertically; punishes single-high safeties; big play potential.,Neutralized by Quarters coverage or quick pass rush.,Bills (Josh Allen arm strength).,4
Stick Concept,Passing Concept,"Triangle read: Outside vertical, slot stick route, RB in flat.",Quick game; immediate options against blitz; easy red zone reads.,Disrupted by press man or cloud zone coverage.,Saints (Drew Brees).,4
Drive Concept,Passing Concept,Deep dig route over a shallow cross with a backside post.,Finds holes in zone; creates natural rubs against man; good for long yardage.,Vulnerable to tight underneath zones or spy defenders.,Bengals (Joe Burrow).,4
Dagger Concept,Passing Concept,Inside receiver clears vertically; outside receiver runs a deep dig.,"Vertical route pulls safeties away, opening intermediate middle for dig.",Neutralized by Tampa 2 or safety 'robber' techniques.,Cowboys (CeeDee Lamb).,4
Slant Flat,Passing Concept,Outside receiver runs a slant; inside receiver/RB releases to the flat.,Forces flat defender to make impossible choice; beats man leverage.,Countered by press man timing or trap coverages.,Dolphins (Mike McDaniel) for Tyreek Hill.,4
Double China,Passing Concept,Two outside receivers run 5-yard 'in' routes; inside receiver runs corner.,Perfect for red zone; inside-out conflict for defenders.,Countered by flat-foot Cover 2 or robber LBs.,Chiefs/Patriots red zone staple.,4
Shallow Cross,Passing Concept,One receiver drags across at 3-5 yards; others run vertical/clear-out routes.,Easy completions; big run-after-catch potential; simplifies QB reads.,Limited by zone drops that clog crossing lanes.,Cardinals (Air Raid style).,4
Flat Route,Passing Route,"Parallel to line, 1-3 yards deep toward sideline; often by RBs.",Safety valve/outlet against pressure; exploits empty flats in Cover 3.,Vulnerable to cloud coverage or LBs sitting near the line.,Safety valve for QBs; part of Flood concept.,5
Slant Route,Passing Route,Quick breaking at 45 $^{\circ}$  across the field at 3-5 yards depth.,Beats man/zone through speed/angles; lethal when paired with seam routes.,Defenders use 'inside leverage' or trap techniques to jump it.,Tyreek Hill (uses 3-5 steps).,5
Comeback Route,Passing Route,"18-20 yard vertical stem, then hard plant and 45 $^{\circ}$  break back to sideline.",Exploits corners respecting the deep ball; hard to recover from.,Requires exceptional footwork and perfect QB timing; risky for interceptions if late.,Paired with deep corner routes to isolate corners.,5
Curl Route,Passing Route,"12-15 yard vertical stem, then turns back toward the QB in the middle.",Excels in 'soft spots' between underneath and deep zones.,Attacked by 'robber' safeties jumping forward.,Paired with deep post for high-low read on safety.,5
Hitch Route,Passing Route,5-7 yard vertical stem then 180 $^{\circ}$  turn back to QB.,Quick game; destroys 'off coverage' (defenders standing 7+ yards back).,Countered by press coverage or pattern matching.,Quick game; exploiting cushion.,5
Out Route,Passing Route,10-15 yard vertical stem then 90 $^{\circ}$  break to the sideline.,Beats inside leverage; safe throwing window along sideline; stops clock.,Requires high arm strength and anticipation; vulnerable to outside leverage.,Two-minute situations.,5
Dig Route,Passing Route,12-18 yard route breaking at 90 $^{\circ}$  toward the middle.,Explosive play potential in intermediate middle; finds holes between LBs and safeties.,Robber safeties often jump this for interceptions.,Paired with deep posts/shallow drags.,5
Drag Route,Passing Route,Shallow crossing route (1-3 yards depth) across the entire field.,High YAC potential (no slowing down for cuts); stresses zones horizontally.,LBs can create traffic or jam the receiver.,Travis Kelce (sitting in soft spots).,5
Corner Route,Passing Route,"10-12 yard vertical stem, then 45 $^{\circ}$  break to the sideline corner.",Forces deep defenders into difficult decisions; key in Smash/Dagger concepts.,Vulnerable to cloud coverage corners sitting in curl zones.,Smash concept; Dagger concept.,5
Post Route,Passing Route,"8-12 yard vertical stem, then 20-45 $^{\circ}$  break toward the goalposts.",Threatens the deepest part of the defense; clear throwing lanes over LBs.,Countered by Cover 3 (protects deep middle).,Dagger concept; attacking Cover 2 safeties.,5
Go Route,Passing Route,Straight path to the end zone (vertical/streak).,Threatens defense deep; opens space for underneath routes.,Low completion percentage; long flight time allows defenders to react.,Clear-out route for slants/hitches.,5
Wheel Route,Passing Route,"Starts as flat route, then turns vertical up the sideline.",Exploits LBs who 'bite' on the horizontal movement; delayed vertical threat.,Requires time to develop; depends on defender biting on the flat.,RBs/Slot receivers (Christian McCaffrey).,5
Seam Route,Passing Route,Runs along the edges of two defenders' zone responsibilities.,Causes hesitation/uncertainty; finds 'sweet spots' in Cover 3.,Safeties can jump down to the seam; vulnerable to cheating corners.,Intermediate area between deep zones in Cover 3.,5
Option Route,Passing Route,"Receiver chooses break (in, out, or sit) based on coverage.",Maximum freedom; exploits specific defensive weaknesses post-snap.,Requires perfect QB/receiver chemistry; high risk of interception if misread.,Experienced QB/WR duos.,5
Stop and Go,Passing Route,Fake curl/hitch followed by a vertical burst.,Beats interception-hungry defenders; ultimate chess match deception.,Requires time for fake to sell; receiver must explode deep.,Against aggressive defenders; double move.,5